"0","library(rvest)"
"0","library(dplyr)"
"0","library(tidyr)"
"0",""
"0","# Read the data"
"0","crime_data <- read_html(""https://umpd.umd.edu/statistics-reports/daily-crime-and-incident-logs/2025/10"")"
"0","tables <- crime_data %>% html_table()"
"0","df <- tables[[1]]"
"0",""
"0","# Identify location rows (where UMPD Case Number equals Date Occurred)"
"0","# This indicates the location is repeated across all columns"
"0","df <- df %>%"
"0","  mutate("
"0","    # Extract location when the case number column equals the date occurred column"
"0","    location = ifelse(`UMPD Case Number` == `Date Occurred`, `UMPD Case Number`)"
"0","  ) %>%"
"0","  # Fill location down to subsequent rows"
"0","  fill(location, .direction = ""down"") %>%"
"0","  # Remove the location rows (where case number equals date occurred)"
"0","  filter(`UMPD Case Number` != `Date Occurred`)"
"1","[1m[33mError[39m in `mutate()`:[22m
[38;5;232m[33m![38;5;232m Can't transform a data frame with `NA` or `""""` names.[39m
[90mRun `]8;;x-r-run:rlang::last_trace()rlang::last_trace()]8;;` to see where the error occurred.[39m
"
